<?xml version="1.0" encoding="UTF-8"?><idempiere Name="AD_Process" Version="1.0.0" idempiereVersion="2.1.0.v20150115-1613" DataBaseVersion="2014-10-31" Description="" Author="fheredia" AuthorEmail="freddy.heredia@ingeint.ec" CreatedDate="Mon Dec 21 10:25:46 ECT 2015" UpdatedDate="Mon Dec 21 10:25:46 ECT 2015" PackOutVersion="100" UpdateDictionary="true" Client="0-SYSTEM-System" AD_Client_UU="11237b53-9592-4af1-b3c5-afd216514b5d">
    <AD_Process type="table">
        <AD_Client_ID>0</AD_Client_ID>
        <AD_Org_ID>0</AD_Org_ID>
        <AccessLevel>6</AccessLevel>
        <AD_CtxHelp_ID reference="id"/>
        <AD_Form_ID reference="id"/>
        <AD_PrintFormat_ID reference="id"/>
        <AD_Process_UU>e0216893-f991-42bf-9ef3-35bf61a38211</AD_Process_UU>
        <AD_ReportView_ID reference="id"/>
        <AD_Workflow_ID reference="id"/>
        <Classname/>
        <CopyFromProcess>N</CopyFromProcess>
        <Description/>
        <EntityType>IGI</EntityType>
        <Help/>
        <IsActive>true</IsActive>
        <IsBetaFunctionality>false</IsBetaFunctionality>
        <IsDirectPrint>false</IsDirectPrint>
        <IsReport>false</IsReport>
        <IsServerProcess>false</IsServerProcess>
        <JasperReport>attachment:PayRollGeneral7_INGEINT.jasper</JasperReport>
        <Name>PayRollGeneralCrosstab</Name>
        <ProcedureName/>
        <ShowHelp>Y</ShowHelp>
        <Statistic_Count>0</Statistic_Count>
        <Statistic_Seconds>0</Statistic_Seconds>
        <Value>PayRollGeneralCrosstab</Value>
        <WorkflowValue/>
        <AD_Process_Trl type="translation">
            <Name>PayRollGeneralCrosstab</Name>
            <Description/>
            <Help/>
            <AD_Language>es_EC</AD_Language>
            <IsActive>true</IsActive>
            <IsTranslated>false</IsTranslated>
        </AD_Process_Trl>
        <AD_Reference type="table">
            <AD_Reference_ID>30</AD_Reference_ID>
            <AD_Client_ID>0</AD_Client_ID>
            <AD_Org_ID>0</AD_Org_ID>
            <AD_Reference_ID>30</AD_Reference_ID>
            <AD_Reference_UU>199e084e-6ad2-4bcd-8f5e-fdd08f4c0748</AD_Reference_UU>
            <Description>Search Field</Description>
            <EntityType>D</EntityType>
            <Help/>
            <IsActive>true</IsActive>
            <IsOrderByValue>false</IsOrderByValue>
            <Name>Search</Name>
            <ValidationType>D</ValidationType>
            <VFormat/>
            <AD_Reference_Trl type="translation">
                <Help/>
                <Description>Campo de Búsqueda</Description>
                <Name>Búsqueda</Name>
                <AD_Language>es_EC</AD_Language>
                <IsActive>true</IsActive>
                <IsTranslated>true</IsTranslated>
            </AD_Reference_Trl>
        </AD_Reference>
        <AD_Element type="table">
            <AD_Element_ID>53407</AD_Element_ID>
            <AD_Client_ID>0</AD_Client_ID>
            <AD_Org_ID>0</AD_Org_ID>
            <AD_Element_ID>53407</AD_Element_ID>
            <AD_Element_UU>b845e21b-69a7-4607-a358-161b3c6e7ce7</AD_Element_UU>
            <ColumnName>HR_Process_ID</ColumnName>
            <Description/>
            <EntityType>EE02</EntityType>
            <Help/>
            <IsActive>true</IsActive>
            <Name>Payroll Process</Name>
            <PO_Description/>
            <PO_Help/>
            <PO_Name/>
            <PO_PrintName/>
            <PrintName>Payroll Process</PrintName>
            <AD_Element_Trl type="translation">
                <PrintName>Payroll Process</PrintName>
                <Help/>
                <PO_Description/>
                <PO_Help/>
                <Name>Payroll Process</Name>
                <Description/>
                <PO_PrintName/>
                <PO_Name/>
                <AD_Language>es_EC</AD_Language>
                <IsActive>true</IsActive>
                <IsTranslated>false</IsTranslated>
            </AD_Element_Trl>
        </AD_Element>
        <AD_Process_Para type="table">
            <AD_Client_ID>0</AD_Client_ID>
            <AD_Org_ID>0</AD_Org_ID>
            <AD_Element_ID reference="id">53407</AD_Element_ID>
            <AD_Process_ID reference="uuid" reference-key="AD_Process">e0216893-f991-42bf-9ef3-35bf61a38211</AD_Process_ID>
            <AD_Process_Para_UU>89a87149-f256-47d1-821d-c1e34f3b5fcd</AD_Process_Para_UU>
            <AD_Reference_ID reference="id">30</AD_Reference_ID>
            <AD_Reference_Value_ID reference="id"/>
            <AD_Val_Rule_ID reference="id"/>
            <ColumnName>HR_Process_ID</ColumnName>
            <DefaultValue/>
            <DefaultValue2/>
            <Description/>
            <DisplayLogic/>
            <EntityType>IGI</EntityType>
            <FieldLength>0</FieldLength>
            <Help/>
            <IsActive>true</IsActive>
            <IsCentrallyMaintained>false</IsCentrallyMaintained>
            <IsEncrypted>false</IsEncrypted>
            <IsMandatory>true</IsMandatory>
            <IsRange>false</IsRange>
            <Name>Payroll Process</Name>
            <ReadOnlyLogic/>
            <SeqNo>10</SeqNo>
            <ValueMax/>
            <ValueMin/>
            <VFormat/>
            <AD_Process_Para_Trl type="translation">
                <Help/>
                <Name>Proceso de Nómina</Name>
                <Description/>
                <AD_Language>es_EC</AD_Language>
                <IsActive>true</IsActive>
                <IsTranslated>true</IsTranslated>
            </AD_Process_Para_Trl>
        </AD_Process_Para>
        <AD_Element type="table">
            <AD_Element_ID>187</AD_Element_ID>
            <AD_Client_ID>0</AD_Client_ID>
            <AD_Org_ID>0</AD_Org_ID>
            <AD_Element_ID>187</AD_Element_ID>
            <AD_Element_UU>5f73bc9f-04e0-448f-978d-f2d3e18f2ac3</AD_Element_UU>
            <ColumnName>C_BPartner_ID</ColumnName>
            <Description>Identifies a Business Partner</Description>
            <EntityType>D</EntityType>
            <Help>A Business Partner is anyone with whom you transact.  This can include Vendor, Customer, Employee or Salesperson</Help>
            <IsActive>true</IsActive>
            <Name>Business Partner </Name>
            <PO_Description/>
            <PO_Help/>
            <PO_Name/>
            <PO_PrintName/>
            <PrintName>Business Partner </PrintName>
            <AD_Element_Trl type="translation">
                <PrintName>Tercero</PrintName>
                <Help>Un tercero es cualquiera con quien usted realiza transacciones. Este puede incluir Proveedores, Clientes, Empleados o Vendedores.</Help>
                <PO_Description/>
                <PO_Help/>
                <Name>Tercero</Name>
                <Description>Identifica un Tercero</Description>
                <PO_PrintName/>
                <PO_Name/>
                <AD_Language>es_EC</AD_Language>
                <IsActive>true</IsActive>
                <IsTranslated>true</IsTranslated>
            </AD_Element_Trl>
        </AD_Element>
        <AD_Process_Para type="table">
            <AD_Client_ID>0</AD_Client_ID>
            <AD_Org_ID>0</AD_Org_ID>
            <AD_Element_ID reference="id">187</AD_Element_ID>
            <AD_Process_ID reference="uuid" reference-key="AD_Process">e0216893-f991-42bf-9ef3-35bf61a38211</AD_Process_ID>
            <AD_Process_Para_UU>7059424b-9c8f-4225-a26f-f34b7454207e</AD_Process_Para_UU>
            <AD_Reference_ID reference="id">30</AD_Reference_ID>
            <AD_Reference_Value_ID reference="id"/>
            <AD_Val_Rule_ID reference="id"/>
            <ColumnName>C_BPartner_ID</ColumnName>
            <DefaultValue/>
            <DefaultValue2/>
            <Description>Identifies a Business Partner</Description>
            <DisplayLogic/>
            <EntityType>U</EntityType>
            <FieldLength>0</FieldLength>
            <Help>A Business Partner is anyone with whom you transact.  This can include Vendor, Customer, Employee or Salesperson</Help>
            <IsActive>true</IsActive>
            <IsCentrallyMaintained>false</IsCentrallyMaintained>
            <IsEncrypted>false</IsEncrypted>
            <IsMandatory>false</IsMandatory>
            <IsRange>false</IsRange>
            <Name>Business Partner </Name>
            <ReadOnlyLogic/>
            <SeqNo>20</SeqNo>
            <ValueMax/>
            <ValueMin/>
            <VFormat/>
            <AD_Process_Para_Trl type="translation">
                <Help>A Business Partner is anyone with whom you transact.  This can include Vendor, Customer, Employee or Salesperson</Help>
                <Name>Empleado</Name>
                <Description>Selección del empleado opcional</Description>
                <AD_Language>es_EC</AD_Language>
                <IsActive>true</IsActive>
                <IsTranslated>true</IsTranslated>
            </AD_Process_Para_Trl>
        </AD_Process_Para>
    </AD_Process>
</idempiere>
