<?xml version="1.0" encoding="UTF-8"?><idempiere Name="AD_Field" Version="1.0.0" idempiereVersion="2.1.0.qualifier" DataBaseVersion="2014-10-31" Description="" Author="fheredia" AuthorEmail="" CreatedDate="Mon Nov 16 18:23:29 ECT 2015" UpdatedDate="Mon Nov 16 18:23:29 ECT 2015" PackOutVersion="100" UpdateDictionary="true" Client="0-SYSTEM-System" AD_Client_UU="11237b53-9592-4af1-b3c5-afd216514b5d">
 <AD_Element type="table">
        <AD_Client_ID>0</AD_Client_ID>
        <AD_Org_ID>0</AD_Org_ID>
        <IsActive>true</IsActive>
        <ColumnName>HR_MovementInsertForce</ColumnName>
        <Name>Movement Insert Force</Name>
        <Description/>
        <Help/>
        <PrintName>Movement Insert Force</PrintName>
        <PO_Description/>
        <PO_Help/>
        <PO_Name/>
        <PO_PrintName/>
        <EntityType>IGI</EntityType>
        <AD_Element_UU>6ff7ae74-88d4-4926-8c26-c6ff45252cef</AD_Element_UU>
        <AD_Element_Trl type="translation">
            <Help/>
            <PO_Description/>
            <PO_Help/>
            <Name>Forzar registro de movimiento</Name>
            <Description/>
            <PrintName>Forzar registro de movimiento</PrintName>
            <PO_Name/>
            <PO_PrintName/>
            <AD_Language>es_CO</AD_Language>
            <IsActive>true</IsActive>
            <IsTranslated>Y</IsTranslated>
        </AD_Element_Trl>
    </AD_Element>
<AD_Column type="table">
        <IsSyncDatabase>Y</IsSyncDatabase>
        <AD_Table_ID reference="id">53090</AD_Table_ID>
        <AD_Reference_Value_ID reference="id"/>
        <AD_Client_ID>0</AD_Client_ID>
        <AD_Org_ID>0</AD_Org_ID>
        <Version>0</Version>
        <Name>Movement Insert Force</Name>
        <Description/>
        <Help/>
        <AD_Val_Rule_ID reference="id"/>
        <ColumnName>HR_MovementInsertForce</ColumnName>
        <DefaultValue>N</DefaultValue>
        <FieldLength>1</FieldLength>
        <IsKey>N</IsKey>
        <IsParent>N</IsParent>
        <IsMandatory>N</IsMandatory>
        <IsTranslated>N</IsTranslated>
        <IsIdentifier>N</IsIdentifier>
        <SeqNo>0</SeqNo>
        <IsEncrypted>N</IsEncrypted>
        <AD_Reference_ID reference="id">20</AD_Reference_ID>
        <IsActive>true</IsActive>
        <VFormat/>
        <Callout/>
        <AD_Element_ID reference="uuid" reference-key="AD_Element">6ff7ae74-88d4-4926-8c26-c6ff45252cef</AD_Element_ID>
        <IsUpdateable>Y</IsUpdateable>
        <AD_Process_ID reference="id"/>
        <ValueMin/>
        <ValueMax/>
        <IsSelectionColumn>N</IsSelectionColumn>
        <ReadOnlyLogic/>
        <EntityType>IGI</EntityType>
        <IsAlwaysUpdateable>N</IsAlwaysUpdateable>
        <ColumnSQL/>
        <MandatoryLogic/>
        <IsAutocomplete>N</IsAutocomplete>
        <IsAllowLogging>Y</IsAllowLogging>
        <FormatPattern/>
        <AD_Chart_ID reference="id"/>
        <AD_Column_UU>cc75f703-740d-4aa6-a2f6-8568d47b5815</AD_Column_UU>
        <IsAllowCopy>Y</IsAllowCopy>
        <SeqNoSelection>0</SeqNoSelection>
        <IsToolbarButton>N</IsToolbarButton>
        <IsSecure>N</IsSecure>
        <FKConstraintName/>
        <FKConstraintType>N</FKConstraintType>
    </AD_Column>
<AD_Field type="table">
        <AD_Client_ID>0</AD_Client_ID>
        <AD_Org_ID>0</AD_Org_ID>
        <Name>Movement Insert Force</Name>
        <Description/>
        <Help/>
        <AD_Tab_ID reference="id">53111</AD_Tab_ID>
        <AD_Column_ID reference="uuid" reference-key="AD_Column">cc75f703-740d-4aa6-a2f6-8568d47b5815</AD_Column_ID>
        <IsDisplayed>true</IsDisplayed>
        <DisplayLogic/>
        <DisplayLength>0</DisplayLength>
        <SeqNo>150</SeqNo>
        <SortNo>0</SortNo>
        <IsSameLine>N</IsSameLine>
        <IsHeading>N</IsHeading>
        <IsFieldOnly>N</IsFieldOnly>
        <IsEncrypted>N</IsEncrypted>
        <IsActive>true</IsActive>
        <IsReadOnly>N</IsReadOnly>
        <IsCentrallyMaintained>Y</IsCentrallyMaintained>
        <AD_FieldGroup_ID reference="id"/>
        <EntityType>IGI</EntityType>
        <ObscureType/>
        <AD_Reference_ID reference="id"/>
        <IsMandatory/>
        <DefaultValue/>
        <AD_Reference_Value_ID reference="id"/>
        <AD_Val_Rule_ID reference="id"/>
        <Included_Tab_ID reference="id"/>
        <AD_Field_UU>101c05fb-3ec9-40d7-aaea-937055b08ed5</AD_Field_UU>
        <IsAllowCopy/>
        <IsDisplayedGrid>Y</IsDisplayedGrid>
        <SeqNoGrid>170</SeqNoGrid>
        <XPosition>5</XPosition>
        <ColumnSpan>2</ColumnSpan>
        <NumLines>1</NumLines>
        <IsQuickEntry>N</IsQuickEntry>
        <IsUpdateable/>
        <IsAlwaysUpdateable/>
        <MandatoryLogic/>
        <ReadOnlyLogic/>
        <IsToolbarButton/>
        <IsDefaultFocus>N</IsDefaultFocus>
        <IsAdvancedField>N</IsAdvancedField>
        <AD_Field_Trl type="translation">
            <Help/>
            <Description/>
            <Name>Forzar registro de movimiento</Name>
            <AD_Language>es_CO</AD_Language>
            <IsActive>true</IsActive>
            <IsTranslated>Y</IsTranslated>
        </AD_Field_Trl>
    </AD_Field>
<AD_TableIndex type="table">
        <AD_Client_ID>0</AD_Client_ID>
        <AD_Org_ID>0</AD_Org_ID>
        <AD_TableIndex_UU>2f296416-5822-476b-97de-3a4a03d507a1</AD_TableIndex_UU>
        <Description/>
        <EntityType>IGI</EntityType>
        <IsActive>true</IsActive>
        <Name>OnlyOnePayroll</Name>
        <AD_Table_ID reference="id">53086</AD_Table_ID>
        <Help/>
        <IsCreateConstraint>N</IsCreateConstraint>
        <IsUnique>Y</IsUnique>
        <Processing>N</Processing>
        <AD_Message_ID reference="id">364</AD_Message_ID>
        <TableIndexDrop>N</TableIndexDrop>
        <IsKey>N</IsKey>
        <AD_IndexColumn type="table">
            <AD_Client_ID>0</AD_Client_ID>
            <AD_Org_ID>0</AD_Org_ID>
            <AD_IndexColumn_UU>d9b95358-7090-4568-aea2-b37bc9a8c6d0</AD_IndexColumn_UU>
            <EntityType>IGI</EntityType>
            <IsActive>true</IsActive>
            <AD_Column_ID reference="id">54749</AD_Column_ID>
            <AD_TableIndex_ID reference="uuid" reference-key="AD_TableIndex">2f296416-5822-476b-97de-3a4a03d507a1</AD_TableIndex_ID>
            <ColumnSQL/>
            <SeqNo>1</SeqNo>
        </AD_IndexColumn>
        <AD_IndexColumn type="table">
            <AD_Client_ID>0</AD_Client_ID>
            <AD_Org_ID>0</AD_Org_ID>
            <AD_IndexColumn_UU>9ba21ea1-54ae-424b-92a6-f8f6c40167e5</AD_IndexColumn_UU>
            <EntityType>IGI</EntityType>
            <IsActive>true</IsActive>
            <AD_Column_ID reference="id">54742</AD_Column_ID>
            <AD_TableIndex_ID reference="uuid" reference-key="AD_TableIndex">2f296416-5822-476b-97de-3a4a03d507a1</AD_TableIndex_ID>
            <ColumnSQL/>
            <SeqNo>2</SeqNo>
        </AD_IndexColumn>
        <AD_IndexColumn type="table">
            <AD_Client_ID>0</AD_Client_ID>
            <AD_Org_ID>0</AD_Org_ID>
            <AD_IndexColumn_UU>d025ac2a-32da-414f-ae87-79ed783a7a9b</AD_IndexColumn_UU>
            <EntityType>IGI</EntityType>
            <IsActive>true</IsActive>
            <AD_Column_ID reference="id">54759</AD_Column_ID>
            <AD_TableIndex_ID reference="uuid" reference-key="AD_TableIndex">2f296416-5822-476b-97de-3a4a03d507a1</AD_TableIndex_ID>
            <ColumnSQL/>
            <SeqNo>3</SeqNo>
        </AD_IndexColumn>
    </AD_TableIndex>
</idempiere>
