<?xml version="1.0" encoding="UTF-8"?><idempiere Name="AD_Field" Version="1.0.0" idempiereVersion="2.1.0.qualifier" DataBaseVersion="2014-10-31" Description="" Author="fheredia" AuthorEmail="" CreatedDate="Mon Nov 16 13:49:05 ECT 2015" UpdatedDate="Mon Nov 16 13:49:05 ECT 2015" PackOutVersion="100" UpdateDictionary="true" Client="0-SYSTEM-System" AD_Client_UU="11237b53-9592-4af1-b3c5-afd216514b5d">
    <AD_Field type="table">
        <AD_Client_ID>0</AD_Client_ID>
        <AD_Org_ID>0</AD_Org_ID>
        <Name>Sequence</Name>
        <Description>Method of ordering records; lowest number comes first</Description>
        <Help>The Sequence indicates the order of records</Help>
        <AD_Tab_ID reference="id">53124</AD_Tab_ID>
        <AD_Column_ID reference="uuid" reference-key="AD_Column">0eda5e48-f070-4e8d-8426-81534516ac5c</AD_Column_ID>
        <IsDisplayed>Y</IsDisplayed>
        <DisplayLogic/>
        <DisplayLength>0</DisplayLength>
        <SeqNo>80</SeqNo>
        <SortNo>0</SortNo>
        <IsSameLine>N</IsSameLine>
        <IsHeading>N</IsHeading>
        <IsFieldOnly>N</IsFieldOnly>
        <IsEncrypted>N</IsEncrypted>
        <IsActive>Y</IsActive>
        <IsReadOnly>N</IsReadOnly>
        <IsCentrallyMaintained>Y</IsCentrallyMaintained>
        <AD_FieldGroup_ID reference="id"/>
        <EntityType>IGI</EntityType>
        <ObscureType/>
        <AD_Reference_ID reference="id"/>
        <IsMandatory/>
        <DefaultValue/>
        <AD_Reference_Value_ID reference="id"/>
        <AD_Val_Rule_ID reference="id"/>
        <Included_Tab_ID reference="id"/>
        <AD_Field_UU>0d7fa1e6-47a0-4d09-865c-6e726a0a3f1c</AD_Field_UU>
        <IsAllowCopy/>
        <IsDisplayedGrid>Y</IsDisplayedGrid>
        <SeqNoGrid>320</SeqNoGrid>
        <XPosition>4</XPosition>
        <ColumnSpan>1</ColumnSpan>
        <NumLines>1</NumLines>
        <IsQuickEntry>N</IsQuickEntry>
        <IsUpdateable/>
        <IsAlwaysUpdateable/>
        <MandatoryLogic/>
        <ReadOnlyLogic/>
        <IsToolbarButton/>
        <IsDefaultFocus>N</IsDefaultFocus>
        <IsAdvancedField>N</IsAdvancedField>
        <AD_Field_Trl type="translation">
            <Help>La Secuencia indica el orden de los registros</Help>
            <Description>Método de ordenar registros; el número más bajo viene primero</Description>
            <Name>Secuencia</Name>
            <AD_Language>es_CO</AD_Language>
            <IsActive>Y</IsActive>
            <IsTranslated>Y</IsTranslated>
        </AD_Field_Trl>
    </AD_Field>
</idempiere>
