<?xml version="1.0" encoding="UTF-8"?><idempiere Name="AD_Field" Version="1.0.0" idempiereVersion="2.1.0.qualifier" DataBaseVersion="2014-10-31" Description="" Author="fheredia" AuthorEmail="" CreatedDate="Mon Nov 16 18:23:29 ECT 2015" UpdatedDate="Mon Nov 16 18:23:29 ECT 2015" PackOutVersion="100" UpdateDictionary="true" Client="0-SYSTEM-System" AD_Client_UU="11237b53-9592-4af1-b3c5-afd216514b5d">
<AD_Element type="table">
        <AD_Client_ID>0</AD_Client_ID>
        <AD_Org_ID>0</AD_Org_ID>
        <IsActive>true</IsActive>
        <ColumnName>HR_IsMain</ColumnName>
        <Name>Is Main</Name>
        <Description/>
        <Help/>
        <PrintName>Is Main</PrintName>
        <PO_Description/>
        <PO_Help/>
        <PO_Name/>
        <PO_PrintName/>
        <EntityType>IGI</EntityType>
        <AD_Element_UU>7a493318-2e98-43db-9d32-f75c03ed2cc4</AD_Element_UU>
        <AD_Element_Trl type="translation">
            <Help/>
            <PO_Description/>
            <PO_Help/>
            <Name>Principal</Name>
            <Description/>
            <PrintName>Principal</PrintName>
            <PO_Name/>
            <PO_PrintName/>
            <AD_Language>es_CO</AD_Language>
            <IsActive>true</IsActive>
            <IsTranslated>true</IsTranslated>
        </AD_Element_Trl>
    </AD_Element>
  <AD_Column type="table">
        <IsSyncDatabase>Y</IsSyncDatabase>
        <AD_Table_ID reference="id">53085</AD_Table_ID>
        <AD_Reference_Value_ID reference="id"/>
        <AD_Client_ID>0</AD_Client_ID>
        <AD_Org_ID>0</AD_Org_ID>
        <Version>0</Version>
        <Name>Is Main</Name>
        <Description/>
        <Help/>
        <AD_Val_Rule_ID reference="id"/>
        <ColumnName>HR_IsMain</ColumnName>
        <DefaultValue>N</DefaultValue>
        <FieldLength>1</FieldLength>
        <IsKey>N</IsKey>
        <IsParent>N</IsParent>
        <IsMandatory>N</IsMandatory>
        <IsTranslated>N</IsTranslated>
        <IsIdentifier>N</IsIdentifier>
        <SeqNo>0</SeqNo>
        <IsEncrypted>N</IsEncrypted>
        <AD_Reference_ID reference="id">20</AD_Reference_ID>
        <IsActive>true</IsActive>
        <VFormat/>
        <Callout/>
        <AD_Element_ID reference="uuid" reference-key="AD_Element">7a493318-2e98-43db-9d32-f75c03ed2cc4</AD_Element_ID>
        <IsUpdateable>Y</IsUpdateable>
        <AD_Process_ID reference="id"/>
        <ValueMin/>
        <ValueMax/>
        <IsSelectionColumn>N</IsSelectionColumn>
        <ReadOnlyLogic/>
        <EntityType>IGI</EntityType>
        <IsAlwaysUpdateable>N</IsAlwaysUpdateable>
        <ColumnSQL/>
        <MandatoryLogic/>
        <IsAutocomplete>N</IsAutocomplete>
        <IsAllowLogging>Y</IsAllowLogging>
        <FormatPattern/>
        <AD_Chart_ID reference="id"/>
        <AD_Column_UU>3821534e-7774-45f1-80f2-a0006841313b</AD_Column_UU>
        <IsAllowCopy>Y</IsAllowCopy>
        <SeqNoSelection>0</SeqNoSelection>
        <IsToolbarButton>N</IsToolbarButton>
        <IsSecure>N</IsSecure>
        <FKConstraintName/>
        <FKConstraintType>N</FKConstraintType>
    </AD_Column>
    <AD_Field type="table">
        <AD_Client_ID>0</AD_Client_ID>
        <AD_Org_ID>0</AD_Org_ID>
        <Name>Is Main</Name>
        <Description/>
        <Help/>
        <AD_Tab_ID reference="id">53100</AD_Tab_ID>
        <AD_Column_ID reference="uuid" reference-key="AD_Column">3821534e-7774-45f1-80f2-a0006841313b</AD_Column_ID>
        <IsDisplayed>Y</IsDisplayed>
        <DisplayLogic/>
        <DisplayLength>0</DisplayLength>
        <SeqNo>70</SeqNo>
        <SortNo>0</SortNo>
        <IsSameLine>N</IsSameLine>
        <IsHeading>N</IsHeading>
        <IsFieldOnly>N</IsFieldOnly>
        <IsEncrypted>N</IsEncrypted>
        <IsActive>true</IsActive>
        <IsReadOnly>N</IsReadOnly>
        <IsCentrallyMaintained>Y</IsCentrallyMaintained>
        <AD_FieldGroup_ID reference="id"/>
        <EntityType>IGI</EntityType>
        <ObscureType/>
        <AD_Reference_ID reference="id"/>
        <IsMandatory/>
        <DefaultValue/>
        <AD_Reference_Value_ID reference="id"/>
        <AD_Val_Rule_ID reference="id"/>
        <Included_Tab_ID reference="id"/>
        <AD_Field_UU>386e66b9-84f0-44fa-a58f-cbabad55154c</AD_Field_UU>
        <IsAllowCopy/>
        <IsDisplayedGrid>Y</IsDisplayedGrid>
        <SeqNoGrid>120</SeqNoGrid>
        <XPosition>5</XPosition>
        <ColumnSpan>1</ColumnSpan>
        <NumLines>1</NumLines>
        <IsQuickEntry>N</IsQuickEntry>
        <IsUpdateable/>
        <IsAlwaysUpdateable/>
        <MandatoryLogic/>
        <ReadOnlyLogic/>
        <IsToolbarButton/>
        <IsDefaultFocus>N</IsDefaultFocus>
        <IsAdvancedField>N</IsAdvancedField>
        <AD_Field_Trl type="translation">
            <Help/>
            <Description/>
            <Name>Is Main</Name>
            <AD_Language>es_CO</AD_Language>
            <IsActive>true</IsActive>
            <IsTranslated>N</IsTranslated>
        </AD_Field_Trl>
    </AD_Field>
<AD_Element type="table">
<AD_Client_ID>0</AD_Client_ID>
<AD_Org_ID>0</AD_Org_ID>
<EntityType>U</EntityType>
<AD_Element_UU>41dfd935-32e4-476b-9c18-9fbe438294ce</AD_Element_UU>
<PrintName>Exclude from last payroll process</PrintName>
<Help/>
<PO_Description/>
<PO_Help/>
<Name>Exclude from last payroll process</Name>
<Description/>
<PO_PrintName/>
<PO_Name/>
<IsActive>true</IsActive>
<ColumnName>HR_Exclude</ColumnName>
<AD_Element_Trl type="translation">
<PrintName>Excluir del último proceso de nómin</PrintName>
<Help/>
<PO_Description/>
<PO_Help/>
<Name>Excluir del último proceso de nómin</Name>
<Description/>
<PO_PrintName/>
<PO_Name/>
<AD_Language>es_EC</AD_Language>
<IsActive>true</IsActive>
<IsTranslated>true</IsTranslated>
</AD_Element_Trl>
</AD_Element>
<AD_Column type="table">
<IsSyncDatabase>Y</IsSyncDatabase>
<AD_Table_ID reference="id">53086</AD_Table_ID>
<AD_Reference_Value_ID reference="id"/>
<AD_Client_ID>0</AD_Client_ID>
<AD_Org_ID>0</AD_Org_ID>
<IsAlwaysUpdateable>false</IsAlwaysUpdateable>
<VFormat/>
<IsSecure>false</IsSecure>
<IsEncrypted>N</IsEncrypted>
<ColumnSQL/>
<IsIdentifier>false</IsIdentifier>
<SeqNo>0</SeqNo>
<Description/>
<Help/>
<ValueMin/>
<ValueMax/>
<Version>0</Version>
<IsTranslated>false</IsTranslated>
<IsMandatory>false</IsMandatory>
<FieldLength>1</FieldLength>
<IsParent>false</IsParent>
<AD_Val_Rule_ID reference="id"/>
<IsKey>false</IsKey>
<IsUpdateable>true</IsUpdateable>
<IsSelectionColumn>false</IsSelectionColumn>
<ReadOnlyLogic/>
<MandatoryLogic/>
<IsAutocomplete>false</IsAutocomplete>
<IsAllowLogging>true</IsAllowLogging>
<FormatPattern/>
<Name>Exclude from last payroll process</Name>
<IsAllowCopy>true</IsAllowCopy>
<IsActive>true</IsActive>
<AD_Column_UU>7fd974f6-6df8-4c1b-a6b8-29a941908333</AD_Column_UU>
<DefaultValue>N</DefaultValue>
<EntityType>U</EntityType>
<Callout/>
<ColumnName>HR_Exclude</ColumnName>
<SeqNoSelection>0</SeqNoSelection>
<IsToolbarButton>false</IsToolbarButton>
<AD_Chart_ID reference="id"/>
<FKConstraintType>N</FKConstraintType>
<FKConstraintName/>
<AD_Element_ID reference="uuid" reference-key="AD_Element">41dfd935-32e4-476b-9c18-9fbe438294ce</AD_Element_ID>
<AD_Reference_ID reference="id">20</AD_Reference_ID>
<AD_Process_ID reference="id"/>
</AD_Column>
<AD_Field type="table">
<AD_Client_ID>0</AD_Client_ID>
<AD_Org_ID>0</AD_Org_ID>
<MandatoryLogic/>
<ReadOnlyLogic/>
<IsToolbarButton/>
<IsAlwaysUpdateable/>
<IsUpdateable/>
<ColumnSpan>2</ColumnSpan>
<EntityType>U</EntityType>
<IsCentrallyMaintained>true</IsCentrallyMaintained>
<IsDisplayed>true</IsDisplayed>
<AD_Column_ID reference="uuid" reference-key="AD_Column">7fd974f6-6df8-4c1b-a6b8-29a941908333</AD_Column_ID>
<SeqNo>160</SeqNo>
<AD_Tab_ID reference="id">53102</AD_Tab_ID>
<IsSameLine>false</IsSameLine>
<IsHeading>false</IsHeading>
<Help/>
<IsFieldOnly>false</IsFieldOnly>
<IsReadOnly>false</IsReadOnly>
<ObscureType/>
<Name>Exclude from last payroll process</Name>
<IsMandatory/>
<AD_Val_Rule_ID reference="id"/>
<Included_Tab_ID reference="id"/>
<IsDisplayedGrid>true</IsDisplayedGrid>
<SeqNoGrid>170</SeqNoGrid>
<IsAllowCopy/>
<AD_Field_UU>860cfae3-b0cf-4800-b1a1-9273a26df6b3</AD_Field_UU>
<SortNo>0</SortNo>
<IsEncrypted>false</IsEncrypted>
<IsActive>true</IsActive>
<DisplayLength>0</DisplayLength>
<DisplayLogic/>
<DefaultValue/>
<Description/>
<XPosition>5</XPosition>
<NumLines>1</NumLines>
<IsQuickEntry>false</IsQuickEntry>
<IsAdvancedField>false</IsAdvancedField>
<IsDefaultFocus>false</IsDefaultFocus>
<AD_FieldGroup_ID reference="id"/>
<AD_Reference_ID reference="id"/>
<AD_Reference_Value_ID reference="id"/>
<AD_Field_Trl type="translation">
<Help/>
<Name>Exclude from last payroll process</Name>
<Description/>
<AD_Language>es_EC</AD_Language>
<IsActive>true</IsActive>
<IsTranslated>false</IsTranslated>
</AD_Field_Trl>
</AD_Field>
</idempiere>
