<?xml version="1.0" encoding="UTF-8"?><idempiere Name="AD_Reference" Version="1.0.0" idempiereVersion="2.1.0.v20150115-1613" DataBaseVersion="2014-10-31" Description="" Author="fheredia" AuthorEmail="freddy.heredia@ingeint.ec" CreatedDate="Tue Jan 05 08:45:33 ECT 2016" UpdatedDate="Tue Jan 05 08:45:33 ECT 2016" PackOutVersion="100" UpdateDictionary="true" Client="0-SYSTEM-System" AD_Client_UU="11237b53-9592-4af1-b3c5-afd216514b5d">
<AD_Element type="table">
        <AD_Client_ID>0</AD_Client_ID>
        <AD_Org_ID>0</AD_Org_ID>
        <AD_Element_UU>278162d9-bb76-4115-9af9-4d5618f9ab76</AD_Element_UU>
        <ColumnName>IsFamilyCharge</ColumnName>
        <Description/>
        <EntityType>IGI</EntityType>
        <Help/>
        <IsActive>true</IsActive>
        <Name>IsFamilyCharge</Name>
        <PO_Description/>
        <PO_Help/>
        <PO_Name/>
        <PO_PrintName/>
        <PrintName>IsFamilyCharge</PrintName>
        <AD_Element_Trl type="translation">
            <PrintName>IsFamilyCharge</PrintName>
            <Help/>
            <PO_Description/>
            <PO_Help/>
            <Name>Es Carga Familiar</Name>
            <Description/>
            <PO_PrintName/>
            <PO_Name/>
            <AD_Language>es_EC</AD_Language>
            <IsActive>true</IsActive>
            <IsTranslated>true</IsTranslated>
        </AD_Element_Trl>
        <AD_Element_Trl type="translation">
            <PrintName>IsFamilyCharge</PrintName>
            <Help/>
            <PO_Description/>
            <PO_Help/>
            <Name>Es Carga Familiar</Name>
            <Description/>
            <PO_PrintName/>
            <PO_Name/>
            <AD_Language>es_CO</AD_Language>
            <IsActive>true</IsActive>
            <IsTranslated>true</IsTranslated>
        </AD_Element_Trl>
    </AD_Element>
    <AD_Reference type="table">
        <AD_Client_ID>0</AD_Client_ID>
        <AD_Org_ID>0</AD_Org_ID>
        <AD_Reference_UU>03960452-362c-4619-a8f5-d325560c0b72</AD_Reference_UU>
        <Description/>
        <EntityType>IGI</EntityType>
        <Help/>
        <IsActive>true</IsActive>
        <IsOrderByValue>false</IsOrderByValue>
        <Name>Lla_IsNot</Name>
        <ValidationType>L</ValidationType>
        <VFormat/>
        <AD_Reference_Trl type="translation">
            <Help/>
            <Description/>
            <Name>AD_User_isfamilycharge</Name>
            <AD_Language>es_EC</AD_Language>
            <IsActive>true</IsActive>
            <IsTranslated>false</IsTranslated>
        </AD_Reference_Trl>
        <AD_Ref_List type="table">
            <AD_Client_ID>0</AD_Client_ID>
            <AD_Org_ID>0</AD_Org_ID>
            <AD_Reference_ID reference="uuid" reference-key="AD_Reference">03960452-362c-4619-a8f5-d325560c0b72</AD_Reference_ID>
            <AD_Ref_List_UU>1b304c07-0c26-42fc-952c-09c06c21ee43</AD_Ref_List_UU>
            <Description/>
            <EntityType>U</EntityType>
            <IsActive>true</IsActive>
            <Name>No</Name>
            <ValidFrom/>
            <ValidTo/>
            <Value>N</Value>
            <AD_Ref_List_Trl type="translation">
                <Description/>
                <Name>No</Name>
                <AD_Language>es_EC</AD_Language>
                <IsActive>true</IsActive>
                <IsTranslated>false</IsTranslated>
            </AD_Ref_List_Trl>
        </AD_Ref_List>
        <AD_Ref_List type="table">
            <AD_Client_ID>0</AD_Client_ID>
            <AD_Org_ID>0</AD_Org_ID>
            <AD_Reference_ID reference="uuid" reference-key="AD_Reference">03960452-362c-4619-a8f5-d325560c0b72</AD_Reference_ID>
            <AD_Ref_List_UU>7497e377-abf0-4bf2-90cb-a29f64e64d7e</AD_Ref_List_UU>
            <Description/>
            <EntityType>U</EntityType>
            <IsActive>true</IsActive>
            <Name>Yes</Name>
            <ValidFrom/>
            <ValidTo/>
            <Value>Y</Value>
            <AD_Ref_List_Trl type="translation">
                <Description/>
                <Name>Si</Name>
                <AD_Language>es_EC</AD_Language>
                <IsActive>true</IsActive>
                <IsTranslated>false</IsTranslated>
            </AD_Ref_List_Trl>
        </AD_Ref_List>
    </AD_Reference>
 <AD_Column type="table">
        <IsSyncDatabase>Y</IsSyncDatabase>
        <AD_Table_ID reference="id">114</AD_Table_ID>
        <AD_Reference_Value_ID reference="uuid" reference-key="AD_Reference">03960452-362c-4619-a8f5-d325560c0b72</AD_Reference_Value_ID>
        <AD_Client_ID>0</AD_Client_ID>
        <AD_Org_ID>0</AD_Org_ID>
        <IsAlwaysUpdateable>false</IsAlwaysUpdateable>
        <VFormat/>
        <IsSecure>false</IsSecure>
        <IsEncrypted>N</IsEncrypted>
        <ColumnSQL/>
        <IsIdentifier>false</IsIdentifier>
        <SeqNo/>
        <Description/>
        <Help/>
        <ValueMin/>
        <ValueMax/>
        <Version>0</Version>
        <IsTranslated>false</IsTranslated>
        <IsMandatory>false</IsMandatory>
        <FieldLength>1</FieldLength>
        <IsParent>false</IsParent>
        <AD_Val_Rule_ID reference="id"/>
        <IsKey>false</IsKey>
        <IsUpdateable>true</IsUpdateable>
        <IsSelectionColumn>false</IsSelectionColumn>
        <ReadOnlyLogic/>
        <MandatoryLogic/>
        <IsAutocomplete>false</IsAutocomplete>
        <IsAllowLogging>true</IsAllowLogging>
        <FormatPattern/>
        <Name>IsFamilyCharge</Name>
        <IsAllowCopy>true</IsAllowCopy>
        <IsActive>true</IsActive>
        <AD_Column_UU>eadf1b2e-6cfc-4a28-a14a-29dd2c6971f7</AD_Column_UU>
        <DefaultValue/>
        <EntityType>IGI</EntityType>
        <Callout/>
        <ColumnName>IsFamilyCharge</ColumnName>
        <SeqNoSelection/>
        <IsToolbarButton>false</IsToolbarButton>
        <AD_Chart_ID reference="id"/>
        <FKConstraintType/>
        <FKConstraintName/>
        <AD_Element_ID reference="uuid" reference-key="AD_Element">278162d9-bb76-4115-9af9-4d5618f9ab76</AD_Element_ID>
        <AD_Reference_ID reference="id">17</AD_Reference_ID>
        <AD_Process_ID reference="id"/>
    </AD_Column>
<AD_Field type="table">
        <AD_Client_ID>0</AD_Client_ID>
        <AD_Org_ID>0</AD_Org_ID>
        <MandatoryLogic/>
        <ReadOnlyLogic/>
        <IsToolbarButton/>
        <IsAlwaysUpdateable/>
        <IsUpdateable/>
        <ColumnSpan>2</ColumnSpan>
        <EntityType>D</EntityType>
        <IsCentrallyMaintained>true</IsCentrallyMaintained>
        <IsDisplayed>true</IsDisplayed>
        <AD_Column_ID reference="uuid" reference-key="AD_Column">eadf1b2e-6cfc-4a28-a14a-29dd2c6971f7</AD_Column_ID>
        <SeqNo>140</SeqNo>
        <AD_Tab_ID reference="id">53108</AD_Tab_ID>
        <IsSameLine>false</IsSameLine>
        <IsHeading>false</IsHeading>
        <Help/>
        <IsFieldOnly>false</IsFieldOnly>
        <IsReadOnly>false</IsReadOnly>
        <ObscureType/>
        <Name>IsFamilyCharge</Name>
        <IsMandatory/>
        <AD_Val_Rule_ID reference="id"/>
        <Included_Tab_ID reference="id"/>
        <IsDisplayedGrid>true</IsDisplayedGrid>
        <SeqNoGrid>140</SeqNoGrid>
        <IsAllowCopy/>
        <AD_Field_UU>539f15a2-3dd3-408d-b100-d85de7297ff1</AD_Field_UU>
        <SortNo>0</SortNo>
        <IsEncrypted>false</IsEncrypted>
        <IsActive>true</IsActive>
        <DisplayLength>1</DisplayLength>
        <DisplayLogic/>
        <DefaultValue/>
        <Description/>
        <XPosition>1</XPosition>
        <NumLines>1</NumLines>
        <IsQuickEntry>false</IsQuickEntry>
        <IsAdvancedField>false</IsAdvancedField>
        <IsDefaultFocus>false</IsDefaultFocus>
        <AD_FieldGroup_ID reference="id"/>
        <AD_Reference_ID reference="id"/>
        <AD_Reference_Value_ID reference="id"/>
        <AD_Field_Trl type="translation">
            <Help/>
            <Name>IsFamilyCharge</Name>
            <Description/>
            <AD_Language>es_EC</AD_Language>
            <IsActive>true</IsActive>
            <IsTranslated>false</IsTranslated>
        </AD_Field_Trl>
    </AD_Field>
</idempiere>
