<?xml version="1.0" encoding="UTF-8"?><idempiere Name="AD_SysConfig" Version="1.0.0" idempiereVersion="5.1.0.qualifier" DataBaseVersion="2017-10-31" Description="" Author="SuperUser" AuthorEmail="superuser @ idempiere.com" CreatedDate="Thu Aug 16 12:26:38 ECT 2018" UpdatedDate="Thu Aug 16 12:26:38 ECT 2018" PackOutVersion="100" UpdateDictionary="true" Client="0-SYSTEM-System" AD_Client_UU="11237b53-9592-4af1-b3c5-afd216514b5d">
    <AD_SysConfig type="table">
        <AD_Client_ID>0</AD_Client_ID>
        <AD_Org_ID>0</AD_Org_ID>
        <IsActive>Y</IsActive>
        <Name>DEBUG_PAYROLL</Name>
        <Value>N</Value>
        <Description/>
        <EntityType>ING_HumanTalent</EntityType>
        <ConfigurationLevel>S</ConfigurationLevel>
        <AD_SysConfig_UU>0bbdbb14-c091-4fb1-9b6f-b7278c0f4651</AD_SysConfig_UU>
    </AD_SysConfig>
</idempiere>
